journal_id,ts,signal_date,exit_date,ticker,setup_type,direction,journal_status,paper_lane,underlying_price,trigger,stop,target_1,contract,entry_quote_ts,entry_bid,entry_ask,exit_quote_ts,exit_bid,exit_ask,pnl,status
9151,2026-09-09T14:20:53.342514+00:00,2026-09-09,2026-09-10,AAPL,H4_222_REVERSAL,LONG,LOSS,COUNTERFACTUAL,315.185,316.85,314.9,317.76,O:AAPL260914C00315000,2026-09-09T14:20:53.650187+00:00,4.9,5.1,,,,,SKIPPED_OVER_300
9153,2026-09-09T14:20:53.342514+00:00,2026-09-09,2026-09-10,SPY,H4_222_CONTINUATION,SHORT,WIN,COUNTERFACTUAL,762.955,765.14,767.89,765.05,O:SPY260918P00763000,2026-09-09T14:20:53.976357+00:00,6.87,6.9,,,,,SKIPPED_OVER_300
9166,2026-09-10T15:36:26.343927+00:00,2026-09-10,2026-09-11,SPY,H4_212_CONTINUATION,SHORT,WIN,COUNTERFACTUAL,759.78,762.1,763.4097,761.73,O:SPY260915P00760000,2026-09-10T15:36:26.654173+00:00,4.39,4.41,,,,,SKIPPED_OVER_300
9168,2026-09-11T14:50:23.243544+00:00,2026-09-11,2026-09-14,AAPL,H4_222_CONTINUATION,LONG,WIN,COUNTERFACTUAL,334.78,326.74,323.38,328.4,O:AAPL260916C00335000,2026-09-11T14:50:23.282770+00:00,3.85,4,,,,,SKIPPED_OVER_300
9177,2026-09-14T14:21:59.986404+00:00,2026-09-14,2026-09-15,NVDA,H4_222_CONTINUATION,SHORT,WIN,COUNTERFACTUAL,210.5,218.15,220.01,217.68,O:NVDA260921P00210000,2026-09-14T14:22:00.424623+00:00,3.55,3.7,,,,,SKIPPED_OVER_300
9186,2026-09-15T14:17:57.162439+00:00,2026-09-15,2026-09-16,SPY,H4_212_CONTINUATION,SHORT,WIN,COUNTERFACTUAL,758.37,760.66,762.87,760.11,O:SPY260921P00758000,2026-09-15T14:17:57.490048+00:00,6.02,6.05,,,,,SKIPPED_OVER_300
9188,2026-09-15T14:27:57.162740+00:00,2026-09-15,2026-09-16,NVDA,H4_222_CONTINUATION,LONG,WIN,COUNTERFACTUAL,212.58,212.77,210.79,217.2,O:NVDA260921C00212500,2026-09-15T14:27:57.937137+00:00,3.6,3.65,,,,,SKIPPED_OVER_300
9196,2026-09-16T14:17:57.163016+00:00,2026-09-16,2026-09-17,NVDA,H4_212_CONTINUATION,LONG,WIN,COUNTERFACTUAL,215.195,212.35,211.33,212.59,O:NVDA260921C00215000,2026-09-16T14:18:01.546389+00:00,3.4,3.45,,,,,SKIPPED_OVER_300
9200,2026-09-16T14:32:57.163218+00:00,2026-09-16,2026-09-17,AAPL,H4_222_CONTINUATION,LONG,WIN,COUNTERFACTUAL,333.9237,331.78,329.83,332.06,O:AAPL260921C00335000,2026-09-16T14:32:57.657712+00:00,3.1,3.35,,,,,SKIPPED_OVER_300
9208,2026-09-16T16:47:46.550854+00:00,2026-09-16,2026-09-17,INTC,H4_222_REVERSAL,LONG,WIN,COUNTERFACTUAL,101.86,97.96,96.5205,98.49,O:INTC260921C00102000,2026-09-16T16:47:58.178137+00:00,2.68,2.76,2026-09-17T19:58:59.066091+00:00,7.35,7.65,457.7,OK
9210,2026-09-16T16:47:46.550854+00:00,2026-09-16,2026-09-17,JPM,H4_322_CONTINUATION,LONG,LOSS,COUNTERFACTUAL,350.45,354.7,344.19,354.79,O:JPM260925C00350000,2026-09-16T16:48:18.272619+00:00,5.8,6,,,,,SKIPPED_OVER_300
9211,2026-09-16T16:47:46.550854+00:00,2026-09-16,2026-09-17,BAC,H4_222_REVERSAL,SHORT,WIN,COUNTERFACTUAL,58.235,59.35,59.92,58.92,O:BAC260925P00058000,2026-09-16T16:47:47.172750+00:00,0.77,0.8,2026-09-17T19:58:46.007542+00:00,0.64,0.69,-17.3,OK
9213,2026-09-16T16:47:46.550854+00:00,2026-09-16,2026-09-17,NFLX,H4_212_CONTINUATION,SHORT,WIN,COUNTERFACTUAL,77.2541,77.7738,78.475,77.73,O:NFLX260925P00077000,2026-09-16T16:48:08.862132+00:00,1.38,1.42,2026-09-17T19:58:55.403463+00:00,2.28,2.33,84.7,OK
9225,2026-09-16T17:37:46.551561+00:00,2026-09-16,2026-09-17,XOM,H4_222_REVERSAL,SHORT,WIN,COUNTERFACTUAL,164.54,168.471,169.64,167.37,O:XOM260925P00165000,2026-09-16T17:37:59.338845+00:00,3.25,3.4,,,,,SKIPPED_OVER_300
9241,2026-09-16T18:47:46.551019+00:00,2026-09-16,2026-09-17,WMT,H4_222_REVERSAL,LONG,LOSS,COUNTERFACTUAL,108.175,108.62,107.57,108.8704,O:WMT260925C00108000,2026-09-16T18:47:47.521089+00:00,1.7,1.77,2026-09-17T19:58:59.771978+00:00,0.87,0.96,-91.3,OK
9248,2026-09-16T19:32:46.550809+00:00,2026-09-16,2026-09-17,JPM,H4_222_REVERSAL,SHORT,WIN,COUNTERFACTUAL,347.28,348.64,355.6,347.545,O:JPM260925P00347500,2026-09-16T19:32:48.399931+00:00,5.35,5.65,,,,,SKIPPED_OVER_300
9252,2026-09-16T19:47:46.552247+00:00,2026-09-16,2026-09-17,AAPL,H4_222_REVERSAL,SHORT,WIN,COUNTERFACTUAL,331.99,331.87,335.48,331.78,O:AAPL260921P00332500,2026-09-16T19:47:46.887179+00:00,3.65,3.95,,,,,SKIPPED_OVER_300
9253,2026-09-16T19:47:46.552247+00:00,2026-09-16,2026-09-17,INTC,H4_222_REVERSAL,SHORT,LOSS,COUNTERFACTUAL,100.82,100.76,104.42,100.48,O:INTC260921P00101000,2026-09-16T19:47:47.093237+00:00,2.75,2.94,2026-09-17T19:58:51.914924+00:00,0.27,0.3,-268.3,OK
9254,2026-09-16T19:47:46.552247+00:00,2026-09-16,2026-09-17,XOM,H4_222_CONTINUATION,SHORT,WIN,COUNTERFACTUAL,163.13,163.15,167.495,163.11,O:XOM260925P00162500,2026-09-16T19:47:50.983098+00:00,2.66,2.85,2026-09-17T19:58:59.157681+00:00,2.05,2.37,-81.3,OK
9256,2026-09-17T14:17:46.550906+00:00,2026-09-17,2026-09-18,NVDA,H4_222_REVERSAL,LONG,WIN,COUNTERFACTUAL,219.35,216.45,212.5,216.76,O:NVDA260923C00220000,2026-09-17T14:17:50.065639+00:00,3.15,3.2,,,,,SKIPPED_OVER_300
9257,2026-09-17T14:17:46.550906+00:00,2026-09-17,2026-09-18,SPY,H4_222_REVERSAL,LONG,WIN,COUNTERFACTUAL,761.22,761.225,749.6,761.67,O:SPY260922C00761000,2026-09-17T14:17:46.732846+00:00,3.47,3.49,,,,,SKIPPED_OVER_300
9258,2026-09-17T14:17:46.550906+00:00,2026-09-17,2026-09-18,QQQ,H4_222_REVERSAL,LONG,WIN,COUNTERFACTUAL,715.94,711.65,700.0,711.88,O:QQQ260922C00716000,2026-09-17T14:17:46.705340+00:00,4.67,4.7,,,,,SKIPPED_OVER_300
9260,2026-09-17T14:17:46.550906+00:00,2026-09-17,2026-09-18,AMZN,H4_322_REVERSAL,LONG,WIN,COUNTERFACTUAL,250.415,248.4,244.3,249.0,O:AMZN260923C00250000,2026-09-17T14:17:46.686222+00:00,3.75,4.05,,,,,SKIPPED_OVER_300
9261,2026-09-17T14:17:46.550906+00:00,2026-09-17,2026-09-18,GOOGL,H4_222_REVERSAL,LONG,WIN,COUNTERFACTUAL,345.73,346.68,340.64,348.07,O:GOOGL260923C00345000,2026-09-17T14:17:56.638703+00:00,5.35,5.8,,,,,SKIPPED_OVER_300
9262,2026-09-17T14:17:46.550906+00:00,2026-09-17,2026-09-18,INTC,H4_222_REVERSAL,LONG,WIN,COUNTERFACTUAL,109.12,102.75,99.29,103.23,O:INTC260923C00109000,2026-09-17T14:17:48.810505+00:00,3.65,3.8,,,,,SKIPPED_OVER_300
9263,2026-09-17T14:17:46.550906+00:00,2026-09-17,2026-09-18,IWM,H4_222_REVERSAL,LONG,WIN,COUNTERFACTUAL,287.21,287.0199,281.03,287.04,O:IWM260922C00287000,2026-09-17T14:17:46.975866+00:00,2.2,2.26,2026-09-18T19:58:59.187039+00:00,0.26,0.29,-201.3,OK
9264,2026-09-17T14:17:46.550906+00:00,2026-09-17,2026-09-18,JPM,H4_222_REVERSAL,LONG,LOSS,COUNTERFACTUAL,346.28,352.81,344.685,353.23,O:JPM260925C00347500,2026-09-17T14:17:48.345070+00:00,4.45,4.9,,,,,SKIPPED_OVER_300
9265,2026-09-17T14:17:46.550906+00:00,2026-09-17,2026-09-18,COIN,H4_222_REVERSAL,LONG,WIN,COUNTERFACTUAL,170.26,167.72,161.18,168.07,O:COIN260925C00170000,2026-09-17T14:17:51.508964+00:00,6.6,6.9,,,,,SKIPPED_OVER_300
9266,2026-09-17T14:17:46.550906+00:00,2026-09-17,2026-09-18,NFLX,H4_222_CONTINUATION,SHORT,WIN,COUNTERFACTUAL,75.89,76.31,77.45,76.3,O:NFLX260925P00076000,2026-09-17T14:17:47.120407+00:00,1.47,1.48,2026-09-18T19:58:45.125121+00:00,4.15,4.6,265.7,OK
9267,2026-09-17T14:32:46.550831+00:00,2026-09-17,2026-09-18,PLTR,H4_222_CONTINUATION,LONG,WIN,COUNTERFACTUAL,177.46,174.7651,170.965,175.82,O:PLTR260925C00177500,2026-09-17T14:32:48.407166+00:00,5.05,5.2,,,,,SKIPPED_OVER_300
9269,2026-09-17T15:37:46.552233+00:00,2026-09-17,2026-09-18,MRK,H4_222_CONTINUATION,LONG,WIN,COUNTERFACTUAL,147.12,144.97,143.8825,145.135,O:MRK260925C00147000,2026-09-17T15:37:49.682552+00:00,2.32,2.6,2026-09-18T19:58:54.925286+00:00,1.55,2.38,-106.3,OK
9297,2026-09-17T18:22:46.550983+00:00,2026-09-17,2026-09-18,COIN,H4_222_CONTINUATION,LONG,WIN,COUNTERFACTUAL,172.74,172.65,165.7327,172.8,O:COIN260925C00172500,2026-09-17T18:22:47.295289+00:00,6.2,6.5,,,,,SKIPPED_OVER_300
9302,2026-09-17T18:47:46.552554+00:00,2026-09-17,2026-09-18,IWM,H4_222_REVERSAL,SHORT,WIN,COUNTERFACTUAL,286.065,286.38,288.29,285.74,O:IWM260922P00286000,2026-09-17T18:47:48.196949+00:00,1.77,1.82,2026-09-18T19:58:59.961817+00:00,2.46,2.55,62.7,OK
9319,2026-09-17T19:47:46.562685+00:00,2026-09-17,2026-09-18,TLT,H4_322_CONTINUATION,LONG,LOSS,COUNTERFACTUAL,81.76,81.73,81.42,81.835,O:TLT260923C00082000,2026-09-17T19:47:46.647530+00:00,0.31,0.32,2026-09-18T19:58:47.072368+00:00,0.09,0.1,-24.3,OK
9321,2026-09-17T19:47:46.562685+00:00,2026-09-17,2026-09-18,MRK,H4_222_CONTINUATION,LONG,WIN,COUNTERFACTUAL,147.16,147.4,145.323,147.47,O:MRK260925C00147000,2026-09-17T19:47:55.017272+00:00,2.32,2.5,2026-09-18T19:58:54.925286+00:00,1.55,2.38,-96.3,OK
9326,2026-09-18T14:17:28.975734+00:00,2026-09-18,2026-09-21,AMZN,H4_212_CONTINUATION,LONG,WIN,COUNTERFACTUAL,252.19,251.89,250.73,252.43,O:AMZN260923C00252500,2026-09-18T14:17:47.771685+00:00,2.89,3,2026-09-21T19:58:59.538151+00:00,6.5,6.7,348.7,OK
9355,2026-09-18T19:16:17.711370+00:00,2026-09-18,2026-09-21,SPY,H4_222_REVERSAL,LONG,WIN,COUNTERFACTUAL,761.205,761.76,757.971,761.9,O:SPY260923C00761000,2026-09-18T19:16:17.727563+00:00,3.37,3.38,,,,,SKIPPED_OVER_300
9401,2026-09-22T14:16:58.622963+00:00,2026-09-22,2026-09-23,AMZN,H4_222_REVERSAL,SHORT,WIN,COUNTERFACTUAL,256.68,257.5,259.49,255.95,O:AMZN260928P00257500,2026-09-22T14:17:02.982648+00:00,3.75,4,,,,,SKIPPED_OVER_300
9409,2026-09-22T14:21:58.622489+00:00,2026-09-22,2026-09-23,MRK,H4_322_REVERSAL,SHORT,LOSS,COUNTERFACTUAL,150.19,149.06,150.49,147.84,O:MRK261002P00150000,2026-09-22T14:23:40.775675+00:00,2.06,4,,,,,SKIPPED_OVER_300
9454,2026-09-22T18:16:58.622814+00:00,2026-09-22,2026-09-23,NFLX,H4_222_CONTINUATION,SHORT,WIN,COUNTERFACTUAL,71.735,71.625,73.76,71.53,O:NFLX261002P00072000,2026-09-22T18:17:15.910949+00:00,1.59,1.63,2026-09-23T19:58:58.574491+00:00,1.73,1.78,8.7,OK
9528,2026-09-24T17:31:51.714545+00:00,2026-09-24,2026-09-25,NVDA,H4_212_CONTINUATION,SHORT,WIN,COUNTERFACTUAL,224.205,224.37,225.8,224.02,O:NVDA260930P00225000,2026-09-24T17:31:57.331376+00:00,3.55,3.6,,,,,SKIPPED_OVER_300
9529,2026-09-24T17:31:51.714545+00:00,2026-09-24,2026-09-25,AMZN,H4_212_CONTINUATION,SHORT,WIN,COUNTERFACTUAL,249.385,247.84,250.29,247.76,O:AMZN260930P00250000,2026-09-24T17:31:53.186159+00:00,3.6,3.85,,,,,SKIPPED_OVER_300
9542,2026-09-24T19:16:51.714244+00:00,2026-09-24,2026-09-25,IWM,H4_222_REVERSAL,LONG,WIN,COUNTERFACTUAL,281.3,282.21,279.045,282.54,O:IWM260929C00281000,2026-09-24T19:16:51.949066+00:00,2.46,2.49,2026-09-25T19:58:59.859666+00:00,2.35,2.42,-15.3,OK
9547,2026-09-25T14:16:51.714421+00:00,2026-09-25,2026-09-28,NVDA,H4_222_CONTINUATION,LONG,WIN,COUNTERFACTUAL,223.9899,224.94,223.32,225.8,O:NVDA260930C00225000,2026-09-25T14:16:51.730253+00:00,2.54,2.55,2026-09-28T19:58:59.985788+00:00,4.9,5.05,233.7,OK
9553,2026-09-25T14:16:51.714421+00:00,2026-09-25,2026-09-28,IWM,H4_222_CONTINUATION,LONG,WIN,COUNTERFACTUAL,280.69,282.24,280.47,282.54,O:IWM260930C00281000,2026-09-25T14:16:51.758468+00:00,2.09,2.11,2026-09-28T19:58:59.389174+00:00,1.27,1.28,-85.3,OK
9556,2026-09-25T14:16:51.714421+00:00,2026-09-25,2026-09-28,BAC,H4_212_CONTINUATION,LONG,WIN,COUNTERFACTUAL,56.115,56.2,55.875,56.48,O:BAC261002C00056000,2026-09-25T14:16:58.709801+00:00,0.8,0.85,2026-09-28T19:58:59.725926+00:00,0.4,0.44,-46.3,OK
9558,2026-09-25T14:16:51.714421+00:00,2026-09-25,2026-09-28,XOM,H4_222_CONTINUATION,SHORT,WIN,COUNTERFACTUAL,161.15,161.2,162.7,160.77,O:XOM261002P00160000,2026-09-25T14:17:07.477761+00:00,1.93,2.21,2026-09-28T19:57:55.771950+00:00,1.11,1.24,-111.3,OK
9567,2026-09-25T14:46:51.714861+00:00,2026-09-25,2026-09-28,INTC,H4_322_REVERSAL,SHORT,WIN,COUNTERFACTUAL,124.7,124.14,127.44,124.09,O:INTC260930P00125000,2026-09-25T14:46:51.804671+00:00,3.5,3.65,,,,,SKIPPED_OVER_300
9591,2026-09-25T17:31:51.714264+00:00,2026-09-25,2026-09-28,WMT,H4_322_CONTINUATION,SHORT,LOSS,COUNTERFACTUAL,107.88,107.51,108.84,107.45,O:WMT261002P00108000,2026-09-25T17:32:00.311042+00:00,1.25,1.35,2026-09-28T19:58:59.806317+00:00,0.8,0.81,-56.3,OK
9597,2026-09-25T18:16:51.714015+00:00,2026-09-25,2026-09-28,WMT,H4_222_REVERSAL,LONG,WIN,COUNTERFACTUAL,107.92,107.91,106.445,107.93,O:WMT261002C00108000,2026-09-25T18:18:28.145205+00:00,1.25,1.26,2026-09-28T19:58:57.243438+00:00,1.56,1.65,28.7,OK
9617,2026-09-28T14:16:18.412381+00:00,2026-09-28,2026-09-29,BAC,H4_322_REVERSAL,SHORT,WIN,COUNTERFACTUAL,56.4103,56.4,56.745,56.2,O:BAC261009P00056000,2026-09-28T14:16:41.899807+00:00,0.68,0.75,2026-09-29T19:58:59.660968+00:00,1.35,1.52,58.7,OK
9621,2026-09-28T14:21:18.413847+00:00,2026-09-28,2026-09-29,AAPL,H4_322_CONTINUATION,LONG,WIN,COUNTERFACTUAL,341.63,341.67,339.6,341.8,O:AAPL261005C00342500,2026-09-28T14:21:19.821289+00:00,3.65,3.9,,,,,SKIPPED_OVER_300
9641,2026-09-28T16:56:18.411528+00:00,2026-09-28,2026-09-29,PLTR,H4_322_CONTINUATION,SHORT,WIN,COUNTERFACTUAL,188.78,189.35,192.23,188.24,O:PLTR261009P00190000,2026-09-28T16:56:18.492730+00:00,6.7,6.9,,,,,SKIPPED_OVER_300
9659,2026-09-28T18:16:18.484930+00:00,2026-09-28,2026-09-29,JPM,H4_222_CONTINUATION,SHORT,WIN,COUNTERFACTUAL,337.63,337.37,342.0,337.3,O:JPM261009P00337500,2026-09-28T18:16:58.867800+00:00,5.8,6.1,,,,,SKIPPED_OVER_300
9676,2026-09-29T14:16:18.412196+00:00,2026-09-29,2026-09-30,AMZN,H4_212_CONTINUATION,SHORT,WIN,COUNTERFACTUAL,245.845,245.69,247.44,245.6,O:AMZN261005P00245000,2026-09-29T14:16:19.995021+00:00,2.82,2.92,2026-09-30T19:58:59.187470+00:00,1.23,1.3,-170.3,OK
9703,2026-09-29T17:31:18.411309+00:00,2026-09-29,2026-09-30,NFLX,H4_322_REVERSAL,LONG,LOSS,COUNTERFACTUAL,70.565,69.51,68.88,70.98,O:NFLX261009C00071000,2026-09-29T17:31:20.734471+00:00,1.32,1.38,2026-09-30T19:58:59.987669+00:00,0.86,0.89,-53.3,OK
9721,2026-09-29T18:46:18.435058+00:00,2026-09-29,2026-09-30,NFLX,H4_222_REVERSAL,SHORT,WIN,COUNTERFACTUAL,70.395,70.17,71.355,69.51,O:NFLX261009P00070000,2026-09-29T18:46:31.418661+00:00,1.22,1.25,2026-09-30T19:58:59.849029+00:00,1.48,1.51,21.7,OK
9748,2026-09-30T14:16:18.411395+00:00,2026-09-30,2026-10-01,NFLX,H4_222_CONTINUATION,SHORT,WIN,COUNTERFACTUAL,70.06,70.15,70.595,69.51,O:NFLX261009P00070000,2026-09-30T14:16:21.428320+00:00,1.25,1.31,2026-10-01T19:58:48.770667+00:00,2.51,2.6,118.7,OK
9804,2026-10-01T14:16:18.412168+00:00,2026-10-01,2026-10-02,NVDA,H4_222_REVERSAL,LONG,WIN,COUNTERFACTUAL,229.825,230.9,228.17,232.37,O:NVDA261007C00230000,2026-10-01T14:16:23.020086+00:00,3.5,3.55,,,,,SKIPPED_OVER_300
9806,2026-10-01T14:16:18.412168+00:00,2026-10-01,2026-10-02,INTC,H4_222_REVERSAL,SHORT,LOSS,COUNTERFACTUAL,118.3409,118.66,120.55,116.775,O:INTC261007P00118000,2026-10-01T14:16:19.062592+00:00,3.4,3.55,,,,,SKIPPED_OVER_300
9810,2026-10-01T14:16:18.412168+00:00,2026-10-01,2026-10-02,XOM,H4_222_REVERSAL,SHORT,LOSS,COUNTERFACTUAL,163.105,162.655,164.3699,162.1199,O:XOM261009P00162500,2026-10-01T14:16:29.699135+00:00,2.29,2.57,2026-10-02T19:58:59.788609+00:00,1.45,1.85,-113.3,OK
9813,2026-10-01T14:21:18.412276+00:00,2026-10-01,2026-10-02,GOOGL,H4_222_REVERSAL,LONG,LOSS,COUNTERFACTUAL,342.14,350.3194,340.99,350.93,O:GOOGL261007C00342500,2026-10-01T14:21:18.711385+00:00,5.1,5.55,,,,,SKIPPED_OVER_300
9843,2026-10-01T18:16:18.427928+00:00,2026-10-01,2026-10-02,JPM,H4_222_REVERSAL,LONG,WIN,COUNTERFACTUAL,332.6,332.69,325.87,332.79,O:JPM261009C00332500,2026-10-01T18:16:24.836768+00:00,4,4.25,,,,,SKIPPED_OVER_300
9853,2026-10-01T18:46:18.411244+00:00,2026-10-01,2026-10-02,XOM,H4_222_REVERSAL,LONG,WIN,COUNTERFACTUAL,163.545,163.91,160.8053,164.12,O:XOM261009C00162500,2026-10-01T18:46:28.167782+00:00,3.15,3.4,,,,,SKIPPED_OVER_300
9854,2026-10-01T18:46:18.411244+00:00,2026-10-01,2026-10-02,WMT,H4_222_REVERSAL,LONG,LOSS,COUNTERFACTUAL,104.6592,105.0,103.585,105.31,O:WMT261009C00105000,2026-10-01T18:46:18.471532+00:00,1.27,1.36,2026-10-02T19:58:59.430111+00:00,0.89,0.9,-48.3,OK
9908,2026-10-02T17:34:27.169323+00:00,2026-10-02,2026-10-05,INTC,H4_322_CONTINUATION,LONG,LOSS,COUNTERFACTUAL,119.96,122.15,119.91,122.69,O:INTC261007C00120000,2026-10-02T17:34:27.618078+00:00,2.89,3.05,,,,,SKIPPED_OVER_300
9922,2026-10-02T19:49:27.117493+00:00,2026-10-02,2026-10-05,NVDA,H4_222_REVERSAL,SHORT,LOSS,COUNTERFACTUAL,234.5099,234.19,237.88,233.21,O:NVDA261007P00235000,2026-10-02T19:49:27.763700+00:00,2.84,2.91,2026-10-05T19:58:58.536461+00:00,0.77,0.79,-215.3,OK
9927,2026-10-05T14:16:45.155445+00:00,2026-10-05,2026-10-06,PLTR,H4_222_REVERSAL,LONG,LOSS,COUNTERFACTUAL,189.08,189.85,188.26,190.25,O:PLTR261016C00190000,2026-10-05T14:16:45.283808+00:00,5.35,5.45,,,,,SKIPPED_OVER_300
9985,2026-10-06T14:16:45.185873+00:00,2026-10-06,2026-10-07,TLT,H4_222_REVERSAL,LONG,WIN,COUNTERFACTUAL,77.215,77.21,76.685,77.26,O:TLT261012C00077000,2026-10-06T14:17:03.921205+00:00,0.64,0.66,2026-10-07T19:58:59.162253+00:00,0.48,0.5,-19.3,OK
9986,2026-10-06T14:16:45.185873+00:00,2026-10-06,2026-10-07,XOM,H4_222_REVERSAL,SHORT,LOSS,COUNTERFACTUAL,164.545,163.5,164.74,162.68,O:XOM261016P00165000,2026-10-06T14:16:52.539396+00:00,3.05,3.5,,,,,SKIPPED_OVER_300
9990,2026-10-06T14:16:45.185873+00:00,2026-10-06,2026-10-07,NFLX,H4_322_CONTINUATION,LONG,WIN,COUNTERFACTUAL,67.59,67.5,66.78,67.79,O:NFLX261016C00068000,2026-10-06T14:16:47.931624+00:00,1.22,1.27,2026-10-07T19:58:51.005871+00:00,2.33,2.4,104.7,OK
9992,2026-10-06T14:26:45.121580+00:00,2026-10-06,2026-10-07,AMZN,H4_322_REVERSAL,SHORT,LOSS,COUNTERFACTUAL,253.695,251.16,254.5262,250.1801,O:AMZN261012P00252500,2026-10-06T14:26:47.158737+00:00,2.55,2.76,2026-10-07T19:58:58.854168+00:00,0.64,0.69,-213.3,OK
10000,2026-10-06T14:56:45.125775+00:00,2026-10-06,2026-10-07,GOOGL,H4_322_REVERSAL,SHORT,LOSS,COUNTERFACTUAL,348.04,345.38,348.09,344.03,O:GOOGL261012P00347500,2026-10-06T14:56:50.659196+00:00,4.1,4.5,,,,,SKIPPED_OVER_300
10051,2026-10-07T14:16:45.117835+00:00,2026-10-07,2026-10-08,NVDA,H4_222_CONTINUATION,SHORT,WIN,COUNTERFACTUAL,238.34,238.93,240.62,237.88,O:NVDA261012P00237500,2026-10-07T14:16:45.156807+00:00,2.27,2.3,2026-10-08T19:58:58.154471+00:00,7.15,7.5,483.7,OK
10059,2026-10-07T14:16:45.117835+00:00,2026-10-07,2026-10-08,NFLX,H4_222_CONTINUATION,LONG,WIN,COUNTERFACTUAL,68.66,68.78,68.0186,68.88,O:NFLX261016C00069000,2026-10-07T14:17:00.284987+00:00,1.15,1.2,2026-10-08T19:58:59.727441+00:00,3,3.05,178.7,OK
10106,2026-10-07T19:16:45.123775+00:00,2026-10-07,2026-10-08,NFLX,H4_222_CONTINUATION,LONG,WIN,COUNTERFACTUAL,69.64,69.58,68.405,69.66,O:NFLX261016C00070000,2026-10-07T19:16:49.318130+00:00,1.18,1.2,2026-10-08T19:58:59.107306+00:00,2.25,2.29,103.7,OK
10111,2026-10-07T19:46:45.193096+00:00,2026-10-07,2026-10-08,NVDA,H4_222_CONTINUATION,SHORT,WIN,COUNTERFACTUAL,237.06,236.64,239.08,235.15,O:NVDA261012P00237500,2026-10-07T19:46:49.062716+00:00,2.86,2.88,2026-10-08T19:58:58.154471+00:00,7.15,7.5,425.7,OK
