family,dimension,value,episodes,1R_hits,share_of_family_1R_hits
STRAT_222_REVERSAL,session,2026-09-10,44,22,25.9
STRAT_222_REVERSAL,session,2026-09-15,33,20,23.5
STRAT_222_REVERSAL,session,2026-09-14,32,16,18.8
STRAT_222_REVERSAL,session,2026-09-11,35,15,17.6
STRAT_222_REVERSAL,session,2026-09-09,32,12,14.1
STRAT_222_REVERSAL,symbol,TLT,10,8,9.4
STRAT_222_REVERSAL,symbol,QQQ,14,8,9.4
STRAT_222_REVERSAL,symbol,INTC,12,7,8.2
STRAT_222_REVERSAL,symbol,AMZN,12,6,7.1
STRAT_222_REVERSAL,symbol,COIN,11,6,7.1
STRAT_222_REVERSAL,symbol,GOOGL,8,6,7.1
STRAT_222_REVERSAL,symbol,WMT,11,6,7.1
STRAT_222_REVERSAL,symbol,GE,12,5,5.9
STRAT_222_REVERSAL,symbol,NFLX,9,5,5.9
STRAT_222_REVERSAL,symbol,NVDA,10,5,5.9
STRAT_222_REVERSAL,symbol,JPM,9,4,4.7
STRAT_222_REVERSAL,symbol,XOM,14,4,4.7
STRAT_222_REVERSAL,symbol,BAC,7,3,3.5
STRAT_222_REVERSAL,symbol,MSFT,5,3,3.5
STRAT_222_REVERSAL,symbol,AAPL,5,2,2.4
STRAT_222_REVERSAL,symbol,IWM,7,2,2.4
STRAT_222_REVERSAL,symbol,TSLA,5,2,2.4
STRAT_222_REVERSAL,symbol,PLTR,7,2,2.4
STRAT_222_REVERSAL,symbol,MRK,3,1,1.2
STRAT_222_REVERSAL,direction,SHORT,92,46,54.1
STRAT_222_REVERSAL,direction,LONG,84,39,45.9
STRAT_222_REVERSAL,clock,later,108,46,54.1
STRAT_222_REVERSAL,clock,early_14:30-16:00,51,23,27.1
STRAT_222_REVERSAL,clock,opening_14:00,17,16,18.8
STRAT_212_REVERSAL,session,2026-09-15,22,14,33.3
STRAT_212_REVERSAL,session,2026-09-10,15,9,21.4
STRAT_212_REVERSAL,session,2026-09-11,18,8,19.0
STRAT_212_REVERSAL,session,2026-09-09,18,7,16.7
STRAT_212_REVERSAL,session,2026-09-14,8,4,9.5
STRAT_212_REVERSAL,symbol,BAC,4,4,9.5
STRAT_212_REVERSAL,symbol,MRK,5,4,9.5
STRAT_212_REVERSAL,symbol,TSLA,4,4,9.5
STRAT_212_REVERSAL,symbol,GE,6,4,9.5
STRAT_212_REVERSAL,symbol,MSFT,5,3,7.1
STRAT_212_REVERSAL,symbol,NFLX,6,3,7.1
STRAT_212_REVERSAL,symbol,INTC,3,3,7.1
STRAT_212_REVERSAL,symbol,WMT,4,3,7.1
STRAT_212_REVERSAL,symbol,AAPL,4,3,7.1
STRAT_212_REVERSAL,symbol,XOM,4,2,4.8
STRAT_212_REVERSAL,symbol,GOOGL,3,2,4.8
STRAT_212_REVERSAL,symbol,AMZN,6,2,4.8
STRAT_212_REVERSAL,symbol,COIN,5,1,2.4
STRAT_212_REVERSAL,symbol,QQQ,4,1,2.4
STRAT_212_REVERSAL,symbol,SPY,5,1,2.4
STRAT_212_REVERSAL,symbol,IWM,3,1,2.4
STRAT_212_REVERSAL,symbol,TLT,4,1,2.4
STRAT_212_REVERSAL,direction,SHORT,38,24,57.1
STRAT_212_REVERSAL,direction,LONG,43,18,42.9
STRAT_212_REVERSAL,clock,later,45,25,59.5
STRAT_212_REVERSAL,clock,early_14:30-16:00,36,17,40.5
STRAT_222_CONTINUATION,session,2026-09-14,40,24,25.5
STRAT_222_CONTINUATION,session,2026-09-15,40,22,23.4
STRAT_222_CONTINUATION,session,2026-09-11,46,19,20.2
STRAT_222_CONTINUATION,session,2026-09-10,38,18,19.1
STRAT_222_CONTINUATION,session,2026-09-09,33,11,11.7
STRAT_222_CONTINUATION,symbol,IWM,13,9,9.6
STRAT_222_CONTINUATION,symbol,TLT,11,7,7.4
STRAT_222_CONTINUATION,symbol,NFLX,10,7,7.4
STRAT_222_CONTINUATION,symbol,GE,12,6,6.4
STRAT_222_CONTINUATION,symbol,MSFT,13,6,6.4
STRAT_222_CONTINUATION,symbol,QQQ,12,6,6.4
STRAT_222_CONTINUATION,symbol,SPY,10,6,6.4
STRAT_222_CONTINUATION,symbol,JPM,8,5,5.3
STRAT_222_CONTINUATION,symbol,GOOGL,11,5,5.3
STRAT_222_CONTINUATION,symbol,WMT,13,5,5.3
STRAT_222_CONTINUATION,symbol,COIN,9,4,4.3
STRAT_222_CONTINUATION,symbol,PLTR,9,4,4.3
STRAT_222_CONTINUATION,symbol,XOM,9,4,4.3
STRAT_222_CONTINUATION,symbol,AAPL,8,3,3.2
STRAT_222_CONTINUATION,symbol,MRK,5,3,3.2
STRAT_222_CONTINUATION,symbol,TSLA,9,3,3.2
STRAT_222_CONTINUATION,symbol,INTC,12,3,3.2
STRAT_222_CONTINUATION,symbol,BAC,9,3,3.2
STRAT_222_CONTINUATION,symbol,NVDA,7,3,3.2
STRAT_222_CONTINUATION,symbol,AMZN,7,2,2.1
STRAT_222_CONTINUATION,direction,SHORT,112,65,69.1
STRAT_222_CONTINUATION,direction,LONG,85,29,30.9
STRAT_222_CONTINUATION,clock,later,110,42,44.7
STRAT_222_CONTINUATION,clock,opening_14:00,37,36,38.3
STRAT_222_CONTINUATION,clock,early_14:30-16:00,50,16,17.0
OTHER:strat_122,session,2026-09-09,18,7,22.6
OTHER:strat_122,session,2026-09-10,10,7,22.6
OTHER:strat_122,session,2026-09-11,13,7,22.6
OTHER:strat_122,session,2026-09-15,13,6,19.4
OTHER:strat_122,session,2026-09-14,6,4,12.9
OTHER:strat_122,symbol,AAPL,4,3,9.7
OTHER:strat_122,symbol,COIN,4,3,9.7
OTHER:strat_122,symbol,INTC,3,3,9.7
OTHER:strat_122,symbol,GOOGL,2,2,6.5
OTHER:strat_122,symbol,BAC,3,2,6.5
OTHER:strat_122,symbol,IWM,4,2,6.5
OTHER:strat_122,symbol,MSFT,3,2,6.5
OTHER:strat_122,symbol,NVDA,2,2,6.5
OTHER:strat_122,symbol,PLTR,4,2,6.5
OTHER:strat_122,symbol,AMZN,4,2,6.5
OTHER:strat_122,symbol,TSLA,3,1,3.2
OTHER:strat_122,symbol,WMT,2,1,3.2
OTHER:strat_122,symbol,NFLX,2,1,3.2
OTHER:strat_122,symbol,JPM,4,1,3.2
OTHER:strat_122,symbol,TLT,2,1,3.2
OTHER:strat_122,symbol,XOM,2,1,3.2
OTHER:strat_122,symbol,MRK,2,1,3.2
OTHER:strat_122,symbol,QQQ,4,1,3.2
OTHER:strat_122,direction,SHORT,33,18,58.1
OTHER:strat_122,direction,LONG,27,13,41.9
OTHER:strat_122,clock,later,43,21,67.7
OTHER:strat_122,clock,early_14:30-16:00,15,8,25.8
OTHER:strat_122,clock,opening_14:00,2,2,6.5
OTHER:strat_outside_continuation,session,2026-09-15,17,8,25.8
OTHER:strat_outside_continuation,session,2026-09-09,20,7,22.6
OTHER:strat_outside_continuation,session,2026-09-14,20,7,22.6
OTHER:strat_outside_continuation,session,2026-09-10,17,5,16.1
OTHER:strat_outside_continuation,session,2026-09-11,6,4,12.9
OTHER:strat_outside_continuation,symbol,WMT,6,5,16.1
OTHER:strat_outside_continuation,symbol,AAPL,5,3,9.7
OTHER:strat_outside_continuation,symbol,MRK,8,3,9.7
OTHER:strat_outside_continuation,symbol,TLT,4,3,9.7
OTHER:strat_outside_continuation,symbol,MSFT,5,3,9.7
OTHER:strat_outside_continuation,symbol,COIN,3,2,6.5
OTHER:strat_outside_continuation,symbol,INTC,5,2,6.5
OTHER:strat_outside_continuation,symbol,BAC,5,1,3.2
OTHER:strat_outside_continuation,symbol,GOOGL,2,1,3.2
OTHER:strat_outside_continuation,symbol,NFLX,2,1,3.2
OTHER:strat_outside_continuation,symbol,SPY,5,1,3.2
OTHER:strat_outside_continuation,symbol,PLTR,4,1,3.2
OTHER:strat_outside_continuation,symbol,TSLA,3,1,3.2
OTHER:strat_outside_continuation,symbol,AMZN,3,1,3.2
OTHER:strat_outside_continuation,symbol,IWM,2,1,3.2
OTHER:strat_outside_continuation,symbol,XOM,4,1,3.2
OTHER:strat_outside_continuation,symbol,JPM,5,1,3.2
OTHER:strat_outside_continuation,direction,SHORT,41,19,61.3
OTHER:strat_outside_continuation,direction,LONG,39,12,38.7
OTHER:strat_outside_continuation,clock,opening_14:00,16,16,51.6
OTHER:strat_outside_continuation,clock,later,45,10,32.3
OTHER:strat_outside_continuation,clock,early_14:30-16:00,19,5,16.1
STRAT_322_REVERSAL,session,2026-09-09,8,4,30.8
STRAT_322_REVERSAL,session,2026-09-10,7,3,23.1
STRAT_322_REVERSAL,session,2026-09-11,3,2,15.4
STRAT_322_REVERSAL,session,2026-09-14,6,2,15.4
STRAT_322_REVERSAL,session,2026-09-15,5,2,15.4
STRAT_322_REVERSAL,symbol,PLTR,3,3,23.1
STRAT_322_REVERSAL,symbol,XOM,2,2,15.4
STRAT_322_REVERSAL,symbol,SPY,3,2,15.4
STRAT_322_REVERSAL,symbol,BAC,1,1,7.7
STRAT_322_REVERSAL,symbol,WMT,5,1,7.7
STRAT_322_REVERSAL,symbol,AAPL,2,1,7.7
STRAT_322_REVERSAL,symbol,COIN,2,1,7.7
STRAT_322_REVERSAL,symbol,QQQ,1,1,7.7
STRAT_322_REVERSAL,symbol,TLT,1,1,7.7
STRAT_322_REVERSAL,direction,SHORT,18,9,69.2
STRAT_322_REVERSAL,direction,LONG,11,4,30.8
STRAT_322_REVERSAL,clock,early_14:30-16:00,13,6,46.2
STRAT_322_REVERSAL,clock,later,15,6,46.2
STRAT_322_REVERSAL,clock,opening_14:00,1,1,7.7
STRAT_312,session,2026-09-14,7,4,40.0
STRAT_312,session,2026-09-10,5,2,20.0
STRAT_312,session,2026-09-15,2,2,20.0
STRAT_312,session,2026-09-09,4,1,10.0
STRAT_312,session,2026-09-11,3,1,10.0
STRAT_312,symbol,INTC,1,1,10.0
STRAT_312,symbol,IWM,1,1,10.0
STRAT_312,symbol,NVDA,2,1,10.0
STRAT_312,symbol,MRK,2,1,10.0
STRAT_312,symbol,BAC,1,1,10.0
STRAT_312,symbol,JPM,1,1,10.0
STRAT_312,symbol,NFLX,1,1,10.0
STRAT_312,symbol,PLTR,1,1,10.0
STRAT_312,symbol,COIN,1,1,10.0
STRAT_312,symbol,TSLA,2,1,10.0
STRAT_312,direction,SHORT,10,6,60.0
STRAT_312,direction,LONG,11,4,40.0
STRAT_312,clock,later,15,5,50.0
STRAT_312,clock,early_14:30-16:00,4,3,30.0
STRAT_312,clock,opening_14:00,2,2,20.0
OTHER:strat_22_continuation,session,2026-09-11,22,12,26.7
OTHER:strat_22_continuation,session,2026-09-10,18,9,20.0
OTHER:strat_22_continuation,session,2026-09-14,18,9,20.0
OTHER:strat_22_continuation,session,2026-09-15,15,9,20.0
OTHER:strat_22_continuation,session,2026-09-09,10,6,13.3
OTHER:strat_22_continuation,symbol,TSLA,6,5,11.1
OTHER:strat_22_continuation,symbol,GOOGL,6,4,8.9
OTHER:strat_22_continuation,symbol,IWM,4,4,8.9
OTHER:strat_22_continuation,symbol,NFLX,7,4,8.9
OTHER:strat_22_continuation,symbol,GE,4,4,8.9
OTHER:strat_22_continuation,symbol,PLTR,5,4,8.9
OTHER:strat_22_continuation,symbol,AMZN,5,3,6.7
OTHER:strat_22_continuation,symbol,SPY,3,3,6.7
OTHER:strat_22_continuation,symbol,XOM,4,2,4.4
OTHER:strat_22_continuation,symbol,WMT,3,2,4.4
OTHER:strat_22_continuation,symbol,MSFT,4,2,4.4
OTHER:strat_22_continuation,symbol,BAC,5,2,4.4
OTHER:strat_22_continuation,symbol,INTC,4,1,2.2
OTHER:strat_22_continuation,symbol,TLT,2,1,2.2
OTHER:strat_22_continuation,symbol,JPM,3,1,2.2
OTHER:strat_22_continuation,symbol,MRK,4,1,2.2
OTHER:strat_22_continuation,symbol,COIN,5,1,2.2
OTHER:strat_22_continuation,symbol,NVDA,5,1,2.2
OTHER:strat_22_continuation,direction,SHORT,38,24,53.3
OTHER:strat_22_continuation,direction,LONG,45,21,46.7
OTHER:strat_22_continuation,clock,later,58,27,60.0
OTHER:strat_22_continuation,clock,early_14:30-16:00,21,14,31.1
OTHER:strat_22_continuation,clock,opening_14:00,4,4,8.9
OTHER:strat_inside_break,session,2026-09-11,9,6,50.0
OTHER:strat_inside_break,session,2026-09-14,5,4,33.3
OTHER:strat_inside_break,session,2026-09-09,6,1,8.3
OTHER:strat_inside_break,session,2026-09-15,1,1,8.3
OTHER:strat_inside_break,symbol,GOOGL,2,2,16.7
OTHER:strat_inside_break,symbol,MSFT,2,2,16.7
OTHER:strat_inside_break,symbol,TLT,1,1,8.3
OTHER:strat_inside_break,symbol,COIN,2,1,8.3
OTHER:strat_inside_break,symbol,IWM,2,1,8.3
OTHER:strat_inside_break,symbol,NFLX,1,1,8.3
OTHER:strat_inside_break,symbol,NVDA,3,1,8.3
OTHER:strat_inside_break,symbol,AMZN,2,1,8.3
OTHER:strat_inside_break,symbol,GE,1,1,8.3
OTHER:strat_inside_break,symbol,SPY,1,1,8.3
OTHER:strat_inside_break,direction,LONG,16,7,58.3
OTHER:strat_inside_break,direction,SHORT,9,5,41.7
OTHER:strat_inside_break,clock,later,13,7,58.3
OTHER:strat_inside_break,clock,early_14:30-16:00,12,5,41.7
STRAT_322_CONTINUATION,session,2026-09-15,9,3,50.0
STRAT_322_CONTINUATION,session,2026-09-10,3,1,16.7
STRAT_322_CONTINUATION,session,2026-09-11,2,1,16.7
STRAT_322_CONTINUATION,session,2026-09-14,5,1,16.7
STRAT_322_CONTINUATION,symbol,TLT,2,2,33.3
STRAT_322_CONTINUATION,symbol,BAC,2,1,16.7
STRAT_322_CONTINUATION,symbol,AMZN,1,1,16.7
STRAT_322_CONTINUATION,symbol,GE,1,1,16.7
STRAT_322_CONTINUATION,symbol,JPM,4,1,16.7
STRAT_322_CONTINUATION,direction,LONG,11,3,50.0
STRAT_322_CONTINUATION,direction,SHORT,13,3,50.0
STRAT_322_CONTINUATION,clock,later,13,2,33.3
STRAT_322_CONTINUATION,clock,opening_14:00,3,2,33.3
STRAT_322_CONTINUATION,clock,early_14:30-16:00,8,2,33.3
STRAT_212_CONTINUATION,session,2026-09-14,13,10,32.3
STRAT_212_CONTINUATION,session,2026-09-11,13,8,25.8
STRAT_212_CONTINUATION,session,2026-09-15,13,6,19.4
STRAT_212_CONTINUATION,session,2026-09-10,9,4,12.9
STRAT_212_CONTINUATION,session,2026-09-09,11,3,9.7
STRAT_212_CONTINUATION,symbol,GOOGL,5,5,16.1
STRAT_212_CONTINUATION,symbol,PLTR,6,4,12.9
STRAT_212_CONTINUATION,symbol,TSLA,5,3,9.7
STRAT_212_CONTINUATION,symbol,NVDA,4,3,9.7
STRAT_212_CONTINUATION,symbol,AAPL,3,2,6.5
STRAT_212_CONTINUATION,symbol,NFLX,2,2,6.5
STRAT_212_CONTINUATION,symbol,JPM,4,2,6.5
STRAT_212_CONTINUATION,symbol,AMZN,1,1,3.2
STRAT_212_CONTINUATION,symbol,BAC,5,1,3.2
STRAT_212_CONTINUATION,symbol,GE,1,1,3.2
STRAT_212_CONTINUATION,symbol,QQQ,2,1,3.2
STRAT_212_CONTINUATION,symbol,COIN,3,1,3.2
STRAT_212_CONTINUATION,symbol,IWM,3,1,3.2
STRAT_212_CONTINUATION,symbol,MSFT,3,1,3.2
STRAT_212_CONTINUATION,symbol,SPY,2,1,3.2
STRAT_212_CONTINUATION,symbol,XOM,2,1,3.2
STRAT_212_CONTINUATION,symbol,INTC,2,1,3.2
STRAT_212_CONTINUATION,direction,LONG,26,16,51.6
STRAT_212_CONTINUATION,direction,SHORT,33,15,48.4
STRAT_212_CONTINUATION,clock,later,46,25,80.6
STRAT_212_CONTINUATION,clock,early_14:30-16:00,13,6,19.4
